"event_id","recorded_at_utc","run_id","phase","actor","category","outcome","evidence","human_minutes","notes"
"EVT-0001","2026-09-21T00:43:44Z","HDG-20260920-01","Preparation","Human Manager","management_decision","Recommendations accepted and execution instructed","docs/decisions/decision-log.md","","Recorded at first instrumented clock reading; approval occurred earlier in this user turn; exact approval time unknown"
"EVT-0002","2026-09-21T00:44:38Z","HDG-20260920-01","Preparation","Agent","autonomous_execution","Local read-only preflight and three delegated workstreams started","docs/environment-readiness.md","","Git and Node usable; other delivery capabilities partly unverified; no user setup requested"
"EVT-0003","2026-09-21T00:55:40Z","HDG-20260920-01","Preparation","Agent","autonomous_execution","Prompt revision and records completed with fourteen tabletop scenarios","docs/reviews/workflow-rehearsal.md","","Manual agent inspection; no empirical platform or human acceptance claim"
"EVT-0004","2026-09-21T00:55:40Z","HDG-20260920-01","Preparation","Agent","autonomous_recovery","Structural validation passed after completing missing evidence record and correcting comparison-table scope","docs/evidence/preparation-validation.md","","Initial failures retained; all seventeen existing Power BI files preserved; no human technical intervention"
"EVT-0005","2026-09-21T00:55:40Z","HDG-20260920-01","Phase 1","Agent","autonomous_execution","Twelve-candidate unranked portfolio and framework v1.0 prepared","docs/gates/gate-1-portfolio-review.md","","Awaiting manager framework decision; no scores or formal triage; human effort unknown"
"EVT-0006","2026-09-21T01:02:44Z","HDG-20260920-01","Gate 1","Human Manager","management_decision","Framework v1.0 approved unchanged with experiment-specific value/cost rationale","docs/gates/gate-1-portfolio-review.md","","Exact message time unavailable; source excerpt preserved; authorizes triage only; not a technical intervention"
"EVT-0007","2026-09-21T01:13:05Z","HDG-20260920-01","Phase 2","Agent","autonomous_execution","All twelve candidates triaged and Gate 2 v1.0 prepared","docs/portfolio/triage.md","","One delegated reviewer challenged value eligibility; explicit fictional premises proposed for manager adoption; no scoring or selected project; Gate 2 pending"
"EVT-0008","2026-09-21T01:18:53Z","HDG-20260920-01","Gate 2","Human Manager","management_decision","Package v1.0 approved unchanged with one-human and public-or-synthetic-data clarification","docs/gates/gate-2-triage-review.md","","First instrumented record; exact message timestamp unavailable; all dispositions and SCN-01/02/04 adopted; authorizes Phase 3 only; management clarification not technical intervention"
"EVT-0009","2026-09-21T01:32:50Z","HDG-20260920-01","Phase 3","Agent","autonomous_recovery","Corrected local snapshot reference and inspection/patch commands; closed pending evidence link","docs/evidence/prioritization-validation.md","","Failures and successful local checks retained; no human technical intervention or platform test claim"
"EVT-0010","2026-09-21T01:32:50Z","HDG-20260920-01","Phase 3","Agent","autonomous_execution","Compared approved survivors and prepared Gate 3 v1.0 with draft charter and separate solo-lab/data estimates","docs/gates/gate-3-project-selection.md","","Three delegated workstreams and integrated review; OPP-02 recommended within practical tie; Gate 3 pending; no selected project or architecture; actual human effort and total cash unknown"
"EVT-0011","2026-09-21T03:14:38Z","HDG-20260920-01","Gate 3 review","Human Manager","management_decision","Requested opportunity-cost addendum and scorecard; clarified existing GCP allowance and excluded standing Pro and report publication","docs/decisions/decision-log.md","","Exact message timestamp unavailable; approximately 30 USD/month allowance and GCP optimization focus; charter re-review pending; not selection approval or technical intervention"
"EVT-0012","2026-09-21T03:23:47Z","HDG-20260920-01","Gate 3 review","Agent","autonomous_execution","Prepared opportunity-cost addendum and scorecard; revised Gate 3 charter and cost narrative to v1.1","docs/evidence/selection-follow-up-validation.md","","Two delegated reviews; original submissions preserved; approved scores unchanged; no proven experimental-learning winner between OPP-01/02; documentation and arithmetic checks pass; no architecture or cloud execution"
"EVT-0013","2026-09-21T03:36:30Z","HDG-20260920-01","Gate 3","Human Manager","management_decision","Selected OPP-02 and approved charter v1.1 unchanged with existing conditions","docs/gates/gate-3-project-selection.md","","Non-trivial business/design choices and proportional cost motivated decision; greater hypothetical value than OPP-01; exact message timestamp unavailable; architecture only authorized"
"EVT-0014","2026-09-21T03:53:39Z","HDG-20260920-01","Phase 4","Human Manager","management_decision","Clarified new-project requirement East US unused allowance and Desktop readiness","docs/environment-readiness.md","","Replies earlier in turn; About evidence August 2026 2.157.1354.0 x64 relevant format flags; normal launch no errors; setup facts and version information not technical corrections; no bootstrap or spend approval"
"EVT-0015","2026-09-21T03:53:39Z","HDG-20260920-01","Phase 4","Agent","external_blocker","Authenticated cloud and native/browser host inspection unavailable in current session","docs/environment-readiness.md","","No GCP CLI/connector; native pipe OS error 2; no browser available; target project not created; host version subsequently supplied by manager; design work continued"
"EVT-0016","2026-09-21T03:53:39Z","HDG-20260920-01","Phase 4","Agent","autonomous_execution","Prepared architecture ADR integration procedure execution envelope and Gate 4 draft","docs/evidence/architecture-validation.md","","Three delegated workstreams; local checks pass; C3-02 ready for closure review; cloud path and regional cost conditions open; no project resources queries report edits or implementation; bootstrap remains proposed"
"EVT-0017","2026-09-21T09:37:38Z","HDG-20260920-01","Gate 4","Human Manager","permission_authentication","Reported gcloud terminal login; agent verified SDK and active CLI metadata access","docs/evidence/cloud-bootstrap.md","","Human setup effort unknown; account credentials not retained; not a technical correction"
"EVT-0018","2026-09-21T09:51:29Z","HDG-20260920-01","Gate 4","Human Manager","management_decision","Accepted architecture and shortened experiment to demonstration evidence; prohibited new billing account creation and deprecated project use","docs/gates/gate-4-architecture.md","","Logged after messages; exact user timestamps unavailable; conditional Gate 4 acceptance permits Phase 5; no Gate 5 waiver"
"EVT-0019","2026-09-21T09:39:31Z","HDG-20260920-01","Gate 4 setup","Agent","autonomous_execution","Created dedicated astra-po-lab-20260921 and verified metadata","docs/evidence/cloud-bootstrap.md","","Project number329955978985 ACTIVE; normal default APIs and creator Owner; no datasets jobs or paid workloads; existing CLI default unchanged and excluded from actions"
"EVT-0020","2026-09-21T09:40:27Z","HDG-20260920-01","Gate 4 setup","Agent","external_blocker","Existing billing link rejected: FAILED_PRECONDITION Cloud billing quota exceeded","docs/evidence/cloud-bootstrap.md","","One attempt; diagnostic log sanitized; readback confirms billingdisabled/noaccount; manager resolves quota or manually links usable billing; no new billing account or replacement project"
"EVT-0021","2026-09-21T09:51:29Z","HDG-20260920-01","Phase 5","Agent","autonomous_execution","Prepared source KPI generator fixture implementation and acceptance contracts plus Gate 5 review package","docs/gates/gate-5-data-design.md","","Three delegated workstreams with independent desk review; synthetic expected results only; Gate 5 awaiting decision; all product tests Not Run; human effort unmeasured"
"EVT-0022","2026-09-22T02:37:17Z","HDG-20260920-01","Gate 5","Human Manager","management_decision","Approved Gate 5 package unchanged and requested at most three options with recommendation for future decisions","docs/gates/gate-5-data-design.md","","Decision preceded logging; exact message time unavailable; DEC-G5-001 approves contracts fixtures acceptance and seven/fourteen-day bounds; Phase 6 first slice authorized subject to cloud readiness"
"EVT-0023","2026-09-22T02:37:17Z","HDG-20260920-01","Phase 6 setup","Human Manager","permission_authentication","Manually linked billing account and reauthenticated gcloud","docs/gates/gate-5-data-design.md","","Billing enabled and open USD account ending BA6E verified later; no agent-created billing account; earlier BE9B quota failure retained; authentication/account setup not a technical correction"
"EVT-0024","2026-09-22T02:37:17Z","HDG-20260920-01","Phase 6 setup","Human Manager","management_decision","Confirmed at least 15 USD available allowance headroom for the bounded experiment","docs/evidence/cloud-controls.json","","Manager confirmation not an inspected billing statement; unchanged 10 USD monthly and 20 USD experiment ceilings; exact message time and human effort unknown"
"EVT-0025","2026-09-22T02:37:17Z","HDG-20260920-01","Phase 6 setup","Agent","autonomous_execution","Verified regional pricing scoped runtime budget and quota then provisioned two datasets and five tables","docs/environment-readiness.md","","Control observation at 02:25:23.838Z; first resource intent at 02:26:29.341Z; raw expiry September 29 and absolute serving/cleanup October 6 UTC; no invoice claim or host proof; manifest retained locally"
"EVT-0026","2026-09-22T02:37:17Z","HDG-20260920-01","Phase 6 first slice","Agent","autonomous_recovery","Investigated first pipeline process exit 1 without output and retained ABORTED_PROCESS_EXIT evidence","docs/evidence/phase-6-cloud-proof.md","","Attempt began at 02:29:07.848Z and closed at 02:35:29.782Z; cause remains unknown; no known cloud jobs; reservation and first of three daily attempts retained; no overwrite or success claim"
"EVT-0027","2026-09-22T02:37:17Z","HDG-20260920-01","Phase 6 first slice","Agent","autonomous_recovery","Second bounded attempt published and reconciled ten-line ten-event FIX-01 with zero oracle differences","docs/evidence/phase-6-cloud-proof.md","","PASS at 02:36:20.527Z; 52428800 billed query bytes approximately 0.000298 USD gross query estimate not invoice; second of three Pacific September 21 attempts; Desktop Not Run; no backend expansion before host proof"
"EVT-0028","2026-09-22T02:40:28Z","HDG-20260920-01","Phase 6 diagnostic","Agent","autonomous_recovery","Stopped cloud diagnostics after an uncaught SDK error exposed a temporary access token in tool output; containment pending","docs/evidence/security-evidence.md","","Read-only setup-identity request for service-account job results received 403; no repository credential file written; requested authority to revoke current gcloud authorization because effect extends beyond lab and needs relogin; no further cloud calls or Desktop refresh; earlier fixture pass remains valid"
"EVT-0029","2026-09-22T02:44:29Z","HDG-20260920-01","Phase 6 containment","Agent","permission_authentication","Executed explicitly manager-authorized gcloud revocation and verified zero active CLI accounts","docs/evidence/security-evidence.md","","Revocation succeeded at 02:43:12.7747162Z; raw output captured without printing credentials; no token-reuse probe; manager sign-in requested and pending; further workloads and Desktop refresh remain paused; revocation does not erase exposure"
"EVT-0030","2026-09-22T02:49:34Z","HDG-20260920-01","Phase 6 containment","Human Manager","permission_authentication","Signed in to gcloud again after authorized revocation","docs/evidence/security-evidence.md","","Exact sign-in time and human effort unavailable; safe scoped validation followed at 02:48:18.909Z; authentication action is not a technical correction; no old-token reuse probe"
"EVT-0031","2026-09-22T02:49:34Z","HDG-20260920-01","Phase 6 verification","Agent","autonomous_recovery","Completed safe read-only validation after reauthentication and resumed cloud readiness","docs/evidence/cloud-proof.json","","Observed at 02:48:18.909Z: exact two datasets/five tables; raw10/10 and serving10/10 plus manifest1; six top-level jobs and six children all DONE success; child billed bytes zero and total50 MiB unchanged; no new query; prior SDK403 exposure and corrected listing400 retained; Desktop Not Run and audit/CI remain open"
"EVT-0032","2026-09-23T02:44:15.893Z","HDG-20260920-01","Phase 6 Desktop proof","Human Manager","human_verification","Reported no issues on both PBIP uses and confirmed both refreshes matched48 units144 USD10 lines including save/reopen","docs/evidence/desktop-proof-validation.md","","Exact message/refresh times and human effort unknown; Desktop-saved changes preserved; closes minimal proof not Gate6"
"EVT-0033","2026-09-23T02:44:15.893Z","HDG-20260920-01","Phase 6 readiness","Human Manager","permission_authentication","Renewed gcloud login after fresh read-only check explicitly reported reauthentication required","docs/evidence/desktop-proof-validation.md","","Authentication not technical intervention; sanitized diagnostic exposed no credentials; user also confirmed values"
"EVT-0034","2026-09-23T02:44:15.893Z","HDG-20260920-01","Phase 6 Desktop proof","Agent","autonomous_execution","Corroborated Desktop proof with18 successful connector jobs and unchanged named resource inventory","docs/evidence/desktop-cloud-observation-2026-09-23.json","","Observed02:35:33.487ZSep23UTC; approvedproject/us-east4/pinnedbatch;20MiB additional billedbytes; currentPacificSep22known0billedbytes; jobcount not exactrefreshcounter; nextplatformslice permitted"
"EVT-0035","2026-09-23T02:59:00.262Z","HDG-20260920-01","Phase 6 recovery","Agent","defect","Reached intended FIX02 prepublication stop then failed final local journal replacement with EPERM","docs/evidence/fix02-controlled-stop.json","","Candidate and retainedFIX01 PASS; no new serving batch;80MiB billed;failure/reservation retained;knownjobs inspected before retry"
"EVT-0036","2026-09-23T02:59:00.262Z","HDG-20260920-01","Phase 6 recovery","Agent","autonomous_recovery","Repaired bounded atomic file replacement and recovered FIX02 using existing load jobs","docs/evidence/fix02-recovery-and-replay.json","","Five injected-fault tests passed;secondattempt published10lines12events at48units140USD;originalFIX01unchanged;140MiB billed"
"EVT-0037","2026-09-23T02:59:00.262Z","HDG-20260920-01","Phase 6 replay","Agent","autonomous_execution","Third daily attempt verified FIX02 no-op and unchanged retainedFIX01","docs/evidence/fix02-recovery-and-replay.json","","60MiB billed;allthreecurrentdayattempts consumed;day280MiB cumulative350MiB about0.002086USD grossquery estimate not invoice;no fourthworkload"
"EVT-0038","2026-09-23T02:59:00.262Z","HDG-20260920-01","Phase 6 CI preparation","Agent","autonomous_execution","Passed98 local tests and staged143 source/evidence files with zero credential-pattern findings for separate CI branch","docs/evidence/ci-validation.md","","No originalpowerbi-files privatecaches or localstate staged;actualCIpending;npm audit remains separatelyblockedawaitingauthorization"
